<?xml version="1.0"?>
<main>

    <!-- 07 days in miliseconds -->
    <delayUpdate value="604800000"/>

    <!-- Open the google play with the collection of apps developed by motorola -->
    <directcollection value="false"/>

    <header
        about_icon="icon_about"
        about_icon_pressed="icon_about_pressed"
        background="titlebar"
        home_icon="inicio_icon"
        home_icon_disabled="inicio_icon_disable"
        home_icon_pressed="inicio_icon_pressed"
        logo=""
        settings_icon="settings_icon"
        settings_icon_pressed="settings_icon_pressed"/>

    <pageIndicator
        backgroundColor="#e3e3e3"
        footIndicatorLineColor="#808080"
        titleColor="#808080"
        titleColorSelected="#808080"/>

    <!-- Default Action Example -->
    <!--<default
                actionDefault="uri"
                commandDefault="http://help.motorola.com/hc/apps/brapps/redirect.php"/>-->

    <tabs>
        <tab title="Aplicativos">
            <line>
                <lineItem>
                    <model1>
                        <content image="drawable/content_tigco_portalweb">
                            <action
                                actionDefault="uri"
                                commandDefault="http://m.tigo.com.co"/>
                        </content>
                    </model1>
                </lineItem>
            </line>
            <line>
                <lineItem>
                    <model1>
                        <content image="drawable/content_tigco_mitigo">
                            <action
                                    actionDefault="stub"
                                    commandDefault="com.tigo.tigoapp"/>
                        </content>
                    </model1>
                </lineItem>
            </line>
            <line>
                <lineItem>
                    <model1>
                        <content image="drawable/content_tigco_tigoshop">
                            <action
                                actionDefault="stub"
                                commandDefault="com.juvomobileinc.tigoshop.co"/>
                        </content>
                    </model1>
                </lineItem>
            </line>
            <line>
                <lineItem>
                    <model1>
                        <content image="drawable/content_tigco_deezer">
                            <action
                                actionDefault="stub"
                                commandDefault="deezer.android.app"/>
                        </content>
                    </model1>
                </lineItem>
            </line>
        </tab>
    </tabs>

    <about
        background="about_screen"
        textDescriptionColor="#727272"
        textTitleColor="#333333"/>

</main>
