<?xml version="1.0"?>
<main>

    <!-- 7 days in miliseconds -->
    <delayUpdate value="604800000"/>
    
    <!-- Open the google play with the collection of apps developed by motorola -->
    <directcollection value="false"/>

    <header
        about_icon="icon_about"
        about_icon_pressed="icon_about_pressed"
        background="titlebar"
        home_icon="inicio_icon"
        home_icon_disabled="inicio_icon_disable"
        home_icon_pressed="inicio_icon_pressed"
        logo=""
        settings_icon="settings_icon"
        settings_icon_pressed="settings_icon_pressed" />

    <pageIndicator
        backgroundColor="#e3e3e3"
        footIndicatorLineColor="#808080"
        titleColor="#808080"
        titleColorSelected="#808080" />

    <tabs>
        <tab title="Aplicativos" >
            <line>
				<lineItem>
					<model1>
					    <content image="drawable/aplicativos_tim_googleplay">
                            <action commandDefault="http://www.tim.com.br/sp/para-voce/diversao/para-baixar/timmusic-motorola" actionDefault="uri"></action>
                        </content>
					</model1>
				</lineItem>
			</line>
            <line>
				<lineItem>
					<model5>
						  <content image="drawable/meutim">
                            			<action commandDefault="br.com.timbrasil.meutim"
                               			 actionDefault="stub"></action>
                       				</content>
						<content image="drawable/recargatim" >
                            			<action actionDefault="stub" commandDefault="br.com.mobicare.tim.recarga" />
                        </content>
					</model5>
				</lineItem>
			</line>
			<line>
				<lineItem>
					<model5>
						  <content image="drawable/portas_abertas">
                            			<action commandDefault="br.com.ipnet.timmobile"
                               			 actionDefault="stubyyy">
                                            </action>
                       				</content>
						<content image="drawable/guia_de_viagens_tim" >
                            			<action actionDefault="stub" commandDefault="br.com.conception.tim.guiadeviagens" />
                        </content>
					</model5>
				</lineItem>
			</line>
			<line>
                <lineItem>
                    <model5>
                        <content image="drawable/programa_ecomoto" >
                            <action
                                actionDefault="stub"
                                commandDefault="com.motorola.ecomoto.ui">
                                </action>
                        </content>
                        <content image="drawable/desenvolvedores" >
                            <action
                                actionDefault="uri"
                                commandDefault="http://help.motorola.com/hc/apps/brapps/redirect.php">
                                </action>
                        </content>
                    </model5>
                </lineItem>
            </line>
        </tab>
    </tabs>

    <about
        background="about_screen"
        textDescriptionColor="#727272"
        textTitleColor="#333333" />

</main>
