<?xml version="1.0"?>
<main>
	
    <!-- 07 days in miliseconds -->
    <delayUpdate value="604800000"/>

    <!-- Open the google play with the collection of apps developed by motorola -->
    <directcollection value="false"/>
    
    <header
        about_icon="icon_about"
        about_icon_pressed="icon_about_pressed"
        background="titlebar"
        home_icon="inicio_icon"
        home_icon_disabled="inicio_icon_disable"
        home_icon_pressed="inicio_icon_pressed"
        logo=""
        settings_icon="settings_icon"
        settings_icon_pressed="settings_icon_pressed" />

    <pageIndicator
        backgroundColor="#e3e3e3"
        footIndicatorLineColor="#808080"
        titleColor="#808080"
        titleColorSelected="#808080" />

    <tabs>
        <tab title="Aplicativos">
            <line>
                <lineItem>
                    <model1>
                        <content image="drawable/banner_vivo_carrier" >
                            <action
                                actionDefault="stub"
                                commandDefault="br.com.vivo" />
                        </content>
                    </model1>
                </lineItem>
            </line>
            <line>
                <lineItem>
                    <model5>
                        <content image="drawable/banner_nuvemdelivros">
                            <action 
                                commandDefault="br.com.goleditora.nuvemlivrosvivocel" 
                             	actionDefault="stub"/>
                        </content>
                        <content image="drawable/banner_vivo_novedigitos" >
                            <action
                                actionDefault="stub"
                                commandDefault="br.com.vivo.orgarnizer.activities" />
                        </content>
                    </model5>
                </lineItem>
            </line>
            <line>
                <lineItem>
                    <model1>
                        <content image="drawable/banner_vivo_meuvivo" >
                            <action
                                actionDefault="stub"
                                commandDefault="br.com.vivo" />
                        </content>
                    </model1>
                </lineItem>
            </line>
        </tab>
    </tabs>

    <about
        background="about_screen"
        textDescriptionColor="#727272"
        textTitleColor="#333333" />

</main>
