<?xml version="1.0"?>
<main>

    <!-- 7 days in miliseconds -->
    <delayUpdate value="604800000"/>

    <!-- Open the google play with the collection of apps developed by motorola -->
    <directcollection value="false"/>

    <header
            about_icon="icon_about"
            about_icon_pressed="icon_about_pressed"
            background="titlebar"
            home_icon="inicio_icon"
            home_icon_disabled="inicio_icon_disable"
            home_icon_pressed="inicio_icon_pressed"
            logo=""
            settings_icon="settings_icon"
            settings_icon_pressed="settings_icon_pressed"/>

    <pageIndicator
            backgroundColor="#e3e3e3"
            footIndicatorLineColor="#808080"
            titleColor="#808080"
            titleColorSelected="#808080"/>

    <!-- Default Action Example -->
    <!--<default
                actionDefault="uri"
                commandDefault="http://help.motorola.com/hc/apps/brapps/redirect.php"/>-->

    <tabs>
        <tab title="Aplicativos">
            <line>
                <lineItem>
                    <model5>
                        <content image="drawable/banner_nuvemdelivros">
                            <action commandDefault="br.com.mobicare.minhaoi"
                                    actionDefault="stub"/>
                        </content>

                        <content image="drawable/desenvolvedores">
                            <action commandDefault="br.com.mobicare.oi.recarga"
                                    actionDefault="stubbbbbbbbyyyyyyy"/>
                        </content>
                    </model5>
                </lineItem>
            </line>
            <line>
                <lineItem>
                    <model5>
                        <content image="drawable/programa_ecomoto">
                            <action
                                actionDefault="stub"
                                commandDefault="com.motorola.ecomoto.ui"/>
                        </content>
                        <content image="drawable/guia_de_viagens_tim">
                            <action
                                actionDefault="uri"
                                commandDefault="http://help.motorola.com/hc/apps/brapps/redirect.php"/>
                        </content>
                    </model5>
                </lineItem>
            </line>
        </tab>
    </tabs>

    <about
            background="about_screen"
            textDescriptionColor="#727272"
            textTitleColor="#333333"/>

</main>
